{"filter":false,"title":"contact.json","tooltip":"/projectb/models/contact.json","undoManager":{"mark":0,"position":0,"stack":[[{"start":{"row":0,"column":0},"end":{"row":25,"column":1},"action":"insert","lines":["[","    {","        \"name\": \"Liam\",","        \"Comment\": \"I like what you did in JSON\",","        \"id\": 1,","        \"email\": \"Spud@field.ie\"","    },","    {","        \"name\": \"Sinead\",","        \"Comment\": \"Can you please send me a book\",","        \"id\": 2,","        \"email\": \"email me\"","    },","    {","        \"name\": \"james\",","        \"id\": 459,","        \"Comment\": \"I need help with ay Garmin watch\",","        \"email\": \"james@stuck.ie\"","    },","    {","        \"name\": \"Stephen\",","        \"id\": 460,","        \"Comment\": \"Magic new Id created\",","        \"email\": \"stephen@liamsclass.ie\"","    }","]"],"id":1}]]},"ace":{"folds":[],"scrolltop":0,"scrollleft":0,"selection":{"start":{"row":25,"column":1},"end":{"row":25,"column":1},"isBackwards":false},"options":{"guessTabSize":true,"useWrapMode":false,"wrapToView":true},"firstLineState":{"row":166,"mode":"ace/mode/json"}},"timestamp":1543492191209,"hash":"524cf2b652eff92e43b5aadcfb9ad0044506d69a"}