{"filter":false,"title":"contact.json","tooltip":"/projectb/model/contact.json","undoManager":{"mark":0,"position":0,"stack":[[{"start":{"row":14,"column":17},"end":{"row":14,"column":19},"action":"remove","lines":["aa"],"id":2},{"start":{"row":14,"column":17},"end":{"row":14,"column":18},"action":"insert","lines":["D"]},{"start":{"row":14,"column":19},"end":{"row":14,"column":24},"action":"remove","lines":["on fl"]},{"start":{"row":14,"column":20},"end":{"row":14,"column":21},"action":"remove","lines":["m"]},{"start":{"row":14,"column":20},"end":{"row":14,"column":21},"action":"insert","lines":["a"]},{"start":{"row":14,"column":22},"end":{"row":14,"column":25},"action":"insert","lines":["y L"]},{"start":{"row":14,"column":26},"end":{"row":14,"column":28},"action":"remove","lines":["ng"]},{"start":{"row":14,"column":26},"end":{"row":14,"column":29},"action":"insert","lines":["amy"]},{"start":{"row":15,"column":20},"end":{"row":15,"column":21},"action":"remove","lines":["m"]},{"start":{"row":15,"column":20},"end":{"row":15,"column":23},"action":"insert","lines":["Lov"]},{"start":{"row":15,"column":24},"end":{"row":15,"column":27},"action":"remove","lines":["hX2"]},{"start":{"row":15,"column":24},"end":{"row":15,"column":31},"action":"insert","lines":["s you x"]},{"start":{"row":16,"column":14},"end":{"row":16,"column":15},"action":"remove","lines":["4"]},{"start":{"row":16,"column":14},"end":{"row":16,"column":15},"action":"insert","lines":["5"]},{"start":{"row":17,"column":18},"end":{"row":17,"column":19},"action":"remove","lines":["x"]},{"start":{"row":17,"column":18},"end":{"row":17,"column":22},"action":"insert","lines":["hash"]},{"start":{"row":20,"column":17},"end":{"row":20,"column":19},"action":"remove","lines":["Dr"]},{"start":{"row":20,"column":17},"end":{"row":20,"column":18},"action":"insert","lines":["S"]},{"start":{"row":20,"column":20},"end":{"row":20,"column":22},"action":"remove","lines":["my"]},{"start":{"row":20,"column":20},"end":{"row":21,"column":2},"action":"insert","lines":["n Bolan\",","  "]},{"start":{"row":21,"column":3},"end":{"row":21,"column":4},"action":"remove","lines":["L"]},{"start":{"row":21,"column":3},"end":{"row":21,"column":9},"action":"insert","lines":["     \""]},{"start":{"row":21,"column":10},"end":{"row":21,"column":13},"action":"remove","lines":["amy"]},{"start":{"row":21,"column":10},"end":{"row":21,"column":11},"action":"insert","lines":["d"]},{"start":{"row":21,"column":12},"end":{"row":21,"column":15},"action":"insert","lines":[": 6"]},{"start":{"row":22,"column":20},"end":{"row":22,"column":21},"action":"remove","lines":["L"]},{"start":{"row":22,"column":20},"end":{"row":22,"column":24},"action":"insert","lines":["Hell"]},{"start":{"row":22,"column":25},"end":{"row":22,"column":28},"action":"remove","lines":["ves"]},{"start":{"row":22,"column":26},"end":{"row":22,"column":27},"action":"remove","lines":["y"]},{"start":{"row":22,"column":26},"end":{"row":22,"column":27},"action":"insert","lines":["h"]},{"start":{"row":22,"column":28},"end":{"row":22,"column":29},"action":"remove","lines":["u"]},{"start":{"row":22,"column":28},"end":{"row":22,"column":29},"action":"insert","lines":["w"]},{"start":{"row":22,"column":30},"end":{"row":23,"column":0},"action":"remove","lines":["x\",",""]},{"start":{"row":22,"column":30},"end":{"row":22,"column":33},"action":"insert","lines":["are"]},{"start":{"row":22,"column":34},"end":{"row":22,"column":35},"action":"insert","lines":["u"]},{"start":{"row":22,"column":36},"end":{"row":22,"column":39},"action":"insert","lines":["all"]},{"start":{"row":22,"column":40},"end":{"row":22,"column":45},"action":"insert","lines":["doing"]},{"start":{"row":22,"column":46},"end":{"row":22,"column":52},"action":"remove","lines":["    \"i"]},{"start":{"row":22,"column":46},"end":{"row":22,"column":48},"action":"insert","lines":["to"]},{"start":{"row":22,"column":49},"end":{"row":22,"column":51},"action":"insert","lines":["ay"]},{"start":{"row":22,"column":52},"end":{"row":22,"column":55},"action":"remove","lines":[": 5"]},{"start":{"row":23,"column":18},"end":{"row":23,"column":19},"action":"remove","lines":["h"]},{"start":{"row":23,"column":18},"end":{"row":23,"column":20},"action":"insert","lines":["se"]},{"start":{"row":23,"column":21},"end":{"row":23,"column":23},"action":"remove","lines":["sh"]},{"start":{"row":23,"column":21},"end":{"row":23,"column":46},"action":"insert","lines":["nnydolly@funkypidgion.com"]}]]},"ace":{"folds":[],"scrolltop":0,"scrollleft":0,"selection":{"start":{"row":1,"column":4},"end":{"row":1,"column":4},"isBackwards":false},"options":{"guessTabSize":true,"useWrapMode":false,"wrapToView":true},"firstLineState":0},"timestamp":1544184709233,"hash":"e74e0ed3ee4d75af870984249c79c1fb89a6dd2b"}